[
  {
    "postal_code": "521620",
    "unit_code": "#04-618",
    "block_number": "Resi Big COFI 2013",
    "ui_display_number": "This postal code comes under residential building resi big cofi 2013"
  },
  {
    "postal_code": "760768",
    "unit_code": "760768",
    "block_number": "Pipe Block Issue",
    "ui_display_number": "This postal code is having pip block issue and provisioning might take longer time"
  },
  {
    "postal_code": "737916",
    "unit_code": "737916",
    "block_number": "School",
    "ui_display_number": "This postal code belongs to cool"
  }
]
